INSERT INTO hoodie(hoodie_id, name, description, price, count, image_url_1, image_url_2) VALUES ("6d62d909-f957-430e-8689-b5129c0bb75e", "Cloudsoft special", "Limited issue Cloudsoft hoodies.", 17.15, 33, "/images/green_and_blue.png", "/images/navy_blue.png");
INSERT INTO hoodie(hoodie_id, name, description, price, count, image_url_1, image_url_2) VALUES ("a0a4f044-b040-410d-8ead-4de0446aec7e", "Green hoodie", "A mature hoodie, reminding you of healthy green grass of the Highlands", 7.99, 115, "/images/green_front.png", "/images/green_back.png");
INSERT INTO hoodie(hoodie_id, name, description, price, count, image_url_1, image_url_2) VALUES ("808a2de1-1aaa-4c25-a9b9-6612e8f29a38", "Navy hoodie", "Go dark, go mysterious. You know you want to",  17.32, 738, "/images/navy_front.png", "/images/navy_back.png");
INSERT INTO hoodie(hoodie_id, name, description, price, count, image_url_1, image_url_2) VALUES ("510a0d7e-8e83-4193-b483-e27e09ddc34d", "Red hoodie", "Red is not our colour, but it might be yours. We thought of that.",  15.00, 820, "/images/red_front.png", "/images/red_back.png");
INSERT INTO hoodie(hoodie_id, name, description, price, count, image_url_1, image_url_2) VALUES ("03fef6ac-1896-4ce8-bd69-b798f85c6e0b", "Blue hoodie", "If you like blue clear skies as we rarely see here in Scotland, you will love this hoodie.",  99.99, 1, "/images/blue_front.png", "/images/blue_back.png");

INSERT INTO hoodie(hoodie_id, name, description, price, count, image_url_1, image_url_2) VALUES ("a0a4f044-b040-410d-8ead-4de0446aecaa", "Black hat", "A very cool hat, for the times the sunshine heats your hair.", 7.99, 115, "/images/cap_black_main.png", "/images/cap_black_front.png");
INSERT INTO hoodie(hoodie_id, name, description, price, count, image_url_1, image_url_2) VALUES ("808a2de1-1aaa-4c25-a9b9-6612e8f29abb", "Navy hat", "A very cool navy hat. Makes you look good on a boat and in the city too.",  17.32, 738, "/images/cap_navy_main.png", "/images/cap_navy_front.png");
INSERT INTO hoodie(hoodie_id, name, description, price, count, image_url_1, image_url_2) VALUES ("510a0d7e-8e83-4193-b483-e27e09ddc3cc", "Red hat", "Red is not our colour, but it might be yours. A perfect hat for all the times when you want to be noticed.",  15.00, 820, "/images/cap_red_main.png", "/images/cap_red_front.png");
INSERT INTO hoodie(hoodie_id, name, description, price, count, image_url_1, image_url_2) VALUES ("03fef6ac-1896-4ce8-bd69-b798f85c6edd", "Navy hat(v2)", "When you want a hat that makes a statement.",  99.99, 1, "/images/hat_navy_main.png", "/images/hat_navy_front.png");

INSERT INTO tag (tag_id, name) VALUES (1,"geek");
INSERT INTO tag (tag_id, name) VALUES (2,"formal");
INSERT INTO tag (tag_id, name) VALUES (3, "blue");
INSERT INTO tag (tag_id, name) VALUES (4, "skin");
INSERT INTO tag (tag_id, name) VALUES (5, "red");
INSERT INTO tag (tag_id, name) VALUES (6, "action");
INSERT INTO tag (tag_id, name) VALUES (7, "red");
INSERT INTO tag (tag_id, name) VALUES (8, "black");
INSERT INTO tag (tag_id, name) VALUES (9, "magic");
INSERT INTO tag (tag_id, name) VALUES (10,"green");
INSERT INTO tag (tag_id, name) VALUES (11,"hat");

INSERT INTO dimension (size_id, name, label) VALUES (1,"XS", "Extra Small");
INSERT INTO dimension (size_id, name, label) VALUES (2,"S", "Small");
INSERT INTO dimension (size_id, name, label) VALUES (3, "M", "Medium");
INSERT INTO dimension (size_id, name, label) VALUES (4, "L", "Large");
INSERT INTO dimension (size_id, name, label) VALUES (5, "XL", "Extra Large");
INSERT INTO dimension (size_id, name, label) VALUES (6, "XXL", "Extra-extra Large");
INSERT INTO dimension (size_id, name, label) VALUES (7, "XXXL","Extremely Large");
INSERT INTO dimension (size_id, name, label) VALUES (8, "H", "Humongous");

INSERT INTO hoodie_tag(hoodie_id, tag_id) VALUES ("6d62d909-f957-430e-8689-b5129c0bb75e", 1);
INSERT INTO hoodie_tag(hoodie_id, tag_id) VALUES ("6d62d909-f957-430e-8689-b5129c0bb75e", 2);
INSERT INTO hoodie_tag(hoodie_id, tag_id) VALUES ("a0a4f044-b040-410d-8ead-4de0446aec7e", 10);
INSERT INTO hoodie_tag(hoodie_id, tag_id) VALUES ("a0a4f044-b040-410d-8ead-4de0446aec7e", 8);
INSERT INTO hoodie_tag(hoodie_id, tag_id) VALUES ("808a2de1-1aaa-4c25-a9b9-6612e8f29a38", 4);
INSERT INTO hoodie_tag(hoodie_id, tag_id) VALUES ("808a2de1-1aaa-4c25-a9b9-6612e8f29a38", 6);
INSERT INTO hoodie_tag(hoodie_id, tag_id) VALUES ("808a2de1-1aaa-4c25-a9b9-6612e8f29a38", 8);
INSERT INTO hoodie_tag(hoodie_id, tag_id) VALUES ("808a2de1-1aaa-4c25-a9b9-6612e8f29a38", 3);
INSERT INTO hoodie_tag(hoodie_id, tag_id) VALUES ("510a0d7e-8e83-4193-b483-e27e09ddc34d", 5);
INSERT INTO hoodie_tag(hoodie_id, tag_id) VALUES ("510a0d7e-8e83-4193-b483-e27e09ddc34d", 9);
INSERT INTO hoodie_tag(hoodie_id, tag_id) VALUES ("510a0d7e-8e83-4193-b483-e27e09ddc34d", 2);
INSERT INTO hoodie_tag(hoodie_id, tag_id) VALUES ("03fef6ac-1896-4ce8-bd69-b798f85c6e0b", 3);
INSERT INTO hoodie_tag(hoodie_id, tag_id) VALUES ("03fef6ac-1896-4ce8-bd69-b798f85c6e0b", 8);
INSERT INTO hoodie_tag(hoodie_id, tag_id) VALUES ("a0a4f044-b040-410d-8ead-4de0446aecaa", 11);
INSERT INTO hoodie_tag(hoodie_id, tag_id) VALUES ("a0a4f044-b040-410d-8ead-4de0446aecaa", 8);
INSERT INTO hoodie_tag(hoodie_id, tag_id) VALUES ("808a2de1-1aaa-4c25-a9b9-6612e8f29abb", 3);
INSERT INTO hoodie_tag(hoodie_id, tag_id) VALUES ("808a2de1-1aaa-4c25-a9b9-6612e8f29abb", 11);
INSERT INTO hoodie_tag(hoodie_id, tag_id) VALUES ("510a0d7e-8e83-4193-b483-e27e09ddc3cc", 1);
INSERT INTO hoodie_tag(hoodie_id, tag_id) VALUES ("510a0d7e-8e83-4193-b483-e27e09ddc3cc", 11);
INSERT INTO hoodie_tag(hoodie_id, tag_id) VALUES ("03fef6ac-1896-4ce8-bd69-b798f85c6edd", 3);
INSERT INTO hoodie_tag(hoodie_id, tag_id) VALUES ("03fef6ac-1896-4ce8-bd69-b798f85c6edd", 11);


INSERT INTO hoodie_size(hoodie_id, size_id) VALUES ("6d62d909-f957-430e-8689-b5129c0bb75e", 1);
INSERT INTO hoodie_size(hoodie_id, size_id) VALUES ("6d62d909-f957-430e-8689-b5129c0bb75e", 2);
INSERT INTO hoodie_size(hoodie_id, size_id) VALUES ("6d62d909-f957-430e-8689-b5129c0bb75e", 3);
INSERT INTO hoodie_size(hoodie_id, size_id) VALUES ("6d62d909-f957-430e-8689-b5129c0bb75e", 4);
INSERT INTO hoodie_size(hoodie_id, size_id) VALUES ("a0a4f044-b040-410d-8ead-4de0446aec7e", 3);
INSERT INTO hoodie_size(hoodie_id, size_id) VALUES ("a0a4f044-b040-410d-8ead-4de0446aec7e", 4);
INSERT INTO hoodie_size(hoodie_id, size_id) VALUES ("a0a4f044-b040-410d-8ead-4de0446aec7e", 5);
INSERT INTO hoodie_size(hoodie_id, size_id) VALUES ("a0a4f044-b040-410d-8ead-4de0446aec7e", 6);
INSERT INTO hoodie_size(hoodie_id, size_id) VALUES ("808a2de1-1aaa-4c25-a9b9-6612e8f29a38", 3);
INSERT INTO hoodie_size(hoodie_id, size_id) VALUES ("808a2de1-1aaa-4c25-a9b9-6612e8f29a38", 4);
INSERT INTO hoodie_size(hoodie_id, size_id) VALUES ("808a2de1-1aaa-4c25-a9b9-6612e8f29a38", 8);
INSERT INTO hoodie_size(hoodie_id, size_id) VALUES ("808a2de1-1aaa-4c25-a9b9-6612e8f29a38", 7);
INSERT INTO hoodie_size(hoodie_id, size_id) VALUES ("510a0d7e-8e83-4193-b483-e27e09ddc34d", 5);
INSERT INTO hoodie_size(hoodie_id, size_id) VALUES ("510a0d7e-8e83-4193-b483-e27e09ddc34d", 8);
INSERT INTO hoodie_size(hoodie_id, size_id) VALUES ("510a0d7e-8e83-4193-b483-e27e09ddc34d", 2);
INSERT INTO hoodie_size(hoodie_id, size_id) VALUES ("03fef6ac-1896-4ce8-bd69-b798f85c6e0b", 3);
INSERT INTO hoodie_size(hoodie_id, size_id) VALUES ("03fef6ac-1896-4ce8-bd69-b798f85c6e0b", 8);
INSERT INTO hoodie_size(hoodie_id, size_id) VALUES ("a0a4f044-b040-410d-8ead-4de0446aecaa", 2);
INSERT INTO hoodie_size(hoodie_id, size_id) VALUES ("a0a4f044-b040-410d-8ead-4de0446aecaa", 8);
INSERT INTO hoodie_size(hoodie_id, size_id) VALUES ("808a2de1-1aaa-4c25-a9b9-6612e8f29abb", 1);
INSERT INTO hoodie_size(hoodie_id, size_id) VALUES ("808a2de1-1aaa-4c25-a9b9-6612e8f29abb", 3);
INSERT INTO hoodie_size(hoodie_id, size_id) VALUES ("808a2de1-1aaa-4c25-a9b9-6612e8f29abb", 3);
INSERT INTO hoodie_size(hoodie_id, size_id) VALUES ("808a2de1-1aaa-4c25-a9b9-6612e8f29abb", 4);
INSERT INTO hoodie_size(hoodie_id, size_id) VALUES ("510a0d7e-8e83-4193-b483-e27e09ddc3cc", 2);
INSERT INTO hoodie_size(hoodie_id, size_id) VALUES ("510a0d7e-8e83-4193-b483-e27e09ddc3cc", 4);
INSERT INTO hoodie_size(hoodie_id, size_id) VALUES ("03fef6ac-1896-4ce8-bd69-b798f85c6edd", 7);
INSERT INTO hoodie_size(hoodie_id, size_id) VALUES ("03fef6ac-1896-4ce8-bd69-b798f85c6edd", 6);